key;en-GROUP;en-IE-x-IE text
popups.reboot.footerText;SG002: Error number %1;
popups.upgrade.footerText;SG001: Error number %1;
popups.wifi.footerText;SC120: Error number %1;
firstInstall.wifiNetworkErrorScreen.title;Network;
notification.recording.notForPast;Sorry, you can’t record programmes shown in the past.;
notification.recording.fullprotection;SR004: Maximum number of recordings already protected. Please unprotect other recordings and try again.;
firstInstall.remotePairingFailedScreen.title;Remote pairing;
firstInstall.remotePairingFailedScreen.description;To reset your TV remote, hold the 3 and yellow buttons together for 5 seconds (or until the power light on the remote stops flashing).;
notification.program.noInformation;SM002: No info available;
serieInfo.episode.notavailable;SM001: Sorry, title unavailable.;
settings.network.lan.waiting;Connect your Ethernet cable to set up your network;
notification.channel.offline;SV003: Sorry, this channel is unavailable;
notification.player.videoUnavailable;SV002: Programme unavailable.;
notification.player.error;SV001: Error;
notification.recording.failed;SR007: Recording failed;
notification.recording.notPossible;SR005: You can't record this.;
notification.recording.notOnBarker;SR003: Sorry, you can't record this channel;
notification.seriesRecording.failed;SR002: Recording failed, try again.;
popups.storage.title;SR001: Sorry, your storage is full;
notification.player.noAntenna;SD001: No aerial signal found.;
popups.playbackError.message;SC219: Please check your Wi-Fi or see vodafone.co.uk/tv;
popups.playbackError.title;SC218: Sorry, we can't find a connection;
firstInstall.wifiNetworkErrorScreen.noIP;SC123: Please reboot your router and try again.;
firstInstall.wifiNetworkErrorScreen.wirelessKeyError;SC116: Your Wi-Fi password is wrong, please try again.;
firstInstall.wiredNetworkScreen.noIP;SC013: You’re not connected to the internet – please try again.;
notification.epg.date.invalid;SC007: Invalid date;
notification.network.offline;SC005: Connnection lost.;
settings.network.lan.noIP;SC002: You’re not connected to the internet – please try again.;
firstInstall.wiredNetworkScreen.connectionLost.description;SC001: Your internet connection was lost.;
firstInstall.getHelpScreen.wired.title;Network;
notification.channel.notSubscribed;SB003: You’re not subscribed.;
notification.purchase.failed;SB001: Purchase failed;
settings.masterPin.doNotMatch;SA010: They don't match, please try again.;
popups.pinEntry.failed;SA007: Sorry, that was the wrong PIN. Please try again.;
continueWatching.noUsername;SA006: Unknown;
firstInstall.operatorPairingScreen.description.noPin;SA005: Please call us on 08080 034 515 to complete setup.;
notification.login.error;SA002: Sorry, login failed.;
pinEntry.unSuccessful;SA001: Wrong PIN;
firstInstall.pairingPinInputScreen.title;Welcome;
firstInstall.remoteUnPairingScreen.description;To pair your TV box and remote, hold the 3 and yellow buttons together for 5 seconds, then repeat with the 1 and yellow buttons.;
firstInstall.remotePairingScreen.description;To pair your TV box and remote, hold the 1 and yellow buttons together for 5 seconds. ;
settings.remote.pairing;Remote pairing;
settings.remote.remotePairNewDevice.step0.description;To unpair your remote, hold the 3 and yellow buttons together for 5 seconds.;
firstInstall.wiredNetworkScreen.description;Connect your Ethernet cable to set up your network.;
settings.remote.batteryStatus.low;Your battery status is low.;
settings.network.wifi;WiFi;
firstInstall.wiredNetworkFoundScreen.description;You're now connected.;
settings.remote.remotePairNewDevice.step1.description;To pair your TV box and remote, hold the 1 and yellow buttons together for 5 seconds.;
firstInstall.pairingPinInputScreen.description;Something went wrong, sorry – please call us on 08080 034 515;
popups.reboot.title;Sorry, your box needs to reboot.;
settings.powerSaving.autoStandbyTime.hint;Remember, increasing auto standby time will use more power.;
popups.upgrade.misc;Your box will reboot;
firstInstall.wiredNetworkScreen.title;Network;
settings.parentalPin.on;On;
settings.parentalPin.off;Off;
firstInstall.wiredNetworkSearchScreen.title;Network;
firstInstall.scanSummaryScreen.title;Channels scanned;
settings.termsAndConditions.view;Read our Ts&Cs;
settings.parentalPinInit;Your default PIN is 1234. We recommend you choose a new one now.;
settings.network.lan.connected;Connected;
firstInstall.remotePairingScreen.title;Remote pairing;
firstInstall.wifiNetworkConnectingScreen.title;Network;
firstInstall.wifiNetworkSelectScreen.title;Network;
firstInstall.wifiKeyboardScreen.title;Network;
firstInstall.getHelpScreen.wifi.title;Network;
firstInstall.finishSetupScreen.title;Your devices;
notification.recording.notAllow;Sorry, you can't record this programme;
settings.parentalAndPaiment;Payment & controls;
settings.audioAndVisual.screenResolution;Screen resolution;
pinEntry.more;See more on PINs in Settings.;
firstInstall.wifiNetworkFoundScreen.description;Your TV box is now connected to Wi-Fi.;
settings.remote.remotePair;Pair;
settings.remote.remoteUnpair;Unpair;
firstInstall.getHelpScreen.channels.title;Channels;
settings.parentalControls.ageRating.info;Choosing PIN protection for age-rated programmes will also protect any recordings after 9pm.;
rails.morefrom;More from;
firstInstall.startChannelsScanScreen.title;Channels;
settings.parentalAndPaiment.parentalPin;PIN;
settings.parentalPin;PIN;
firstInstall.wiredNetworkFoundScreen.title;You're connected;
firstInstall.wifiNetworkFoundScreen.title;You're connected;
keyboard.parentalPin.enter.placeholder;Please enter your new 4-digit PIN;
keyboard.parentalPin.reEnter.placeholder;Please re-enter your new 4-digit PIN;
settings.network.wps;WPS;
programInfo.actionButtons.moreRecordSeriesOptions;Record series;
firstInstall.manualNetworkConfigurationScreen.title;Network;
common.help;Help;
keyboard.wifi.password.placeholder;Enter WiFi password;
settings.masterPin.changed;Your PIN's changed;
settings.systemConfigurations.ledBrightness;Brightness;
settings.network.lan;LAN;
settings.ledBrightness;Brightness;
settings.adjustBrightness;Adjust brightness;
change volume;Press +/- to change volume;
firstInstall.helloScreen.title.foundAccount;Hi;
firstInstall.startChannelsScanScreen.description;To set up your TV and radio channels, first make sure your TV aerial is connected.;
settings.audioDescription.off;Off;
settings.subtitles.off;Off;
settings.powerSaving.quickBoot.on;On;
settings.powerSaving.quickBoot.off;Off;
common.done;Done;
firstInstall.remotePairingSuccessScreen.description;Your TV box is now paired with your remote.;
settings.recordings.boxSpace;Storage;
settings.remote.batteryStatus.view;View status;
programInfo.catchup.watch;Watch;
programInfo.watch;Watch;
badging.parentalLock.on;Parental lock on;
firstInstall.operatorPairingScreen.title;Please call us;
firmwareUpdate.description.countdown;Update starts in:;
settings.masterPin.turnOff;PIN off;
settings.masterPin.turnOn;PIN on;
settings.masterPin.changePin;Change your PIN;
settings.systemConfigurations.updates.upToDate;You already have the latest updates.;
settings.lockedChannels;Locked channels;
mytv.recordings;Recordings;
mytv.purchasesAndRentals;Purchases & rentals;
programInfo.actionButtons.moreRecordOptions;Record episode;
programInfo.actionButtons.buyLabel;Buy;
programInfo.actionButtons.rentLabel;Rent;
programInfo.actionButtons.bought;Purchased;
programInfo.actionButtons.rented;Rented;
badging.parentalLock.off;Parental lock off;
badging.recordable;Available to record;
firstInstall.wifiNetworkSelector.joinOtherNetwork;Join other network;
firstInstall.buttons.getHelp;Get help;
firmwareUpdate.description.inProgress;Updating now, please wait.;
settings.masterPin.turnedOff;PIN off;
settings.masterPin.turnedOn;PIN on;
settings.parentalControls.lockedChannels;Lock channels;
settings.network.joinOtherNetwork;Join other network;
popups.wifi.buttons.getHelp;Get help;
common.tryAgain;Try again;
firstInstall.remotePairingSuccessScreen.title;Now paired;
firstInstall.buttons.wifi;WiFi;
firstInstall.buttons.backToWifiList;Back to WiFi list;
firstInstall.buttons.abort;Stop;
keyboard.wifi.ssid.placeholder;Enter network name:;
settings.masterPin.whats;See your PIN;
settings.informations.OUI;OUI;
settings.informations.updateStatus;Last system software update:;
settings.informations.chipID;ID;
settings.parentalControls.ageRating;Age rating;
settings.parentalControls.whats;See your PIN;
settings.parentalControls.okay;Okay;
settings.lockedChannels.permitted;Allowed;
settings.boxSpaceProgression;You're using %1% of your available space;
settings.remote.itsPaired;Now paired;
popups.storage.buttons.buyMore;Buy more storage;
popups.settings.audioAndVisual.screenResolution;Save resolution?;
rails.notitle;No title;
badging.recording;Recording;
notification.seriesRecording.start;Schedule series recording;
watch;Watch;
volume;Volume:;
Today;Today;
Tomorrow;Tomorrow;
Yesterday;Yesterday;
locked;Locked;
mainMenu.myTV.title;MY TV;
mainMenu.browse.title;ON DEMAND;
mainMenu.myTVCoverflow.title;Watch next;
mainMenu.appsCoverflow.title;MY apps;
mainMenu.tvGuide.title;TV GUIDE;
mainMenu.apps.title;APPS;
mainMenu.search;Search;
mainMenu.settings;Settings;
mainMenu.allChannelsTvGuide.title;All channels;
common.noData;No information;
common.noItem;No item;
common.onNow;On now;
common.launchApp;Launch app;
common.launch;Launch;
common.onNext;On next;
common.onLater;On later;
common.onTomorrow;On tomorrow;
common.today;Today;
common.tomorrow;Tomorrow;
common.yesterday;Yesterday;
common.continue;Continue;
common.popular;Popular;
common.cancel;Cancel;
common.yes;Yes;
common.no;No;
common.skip;Skip;
common.notAvailable;Not available;
common.okay;Okay;
common.noSynopsis;Synopsis unavailable;
common.channel;channel;
common.channels;channels;
language.eng;English;
language.fra;Français;
language.ita;Italiano;
language.deu;Deutsch;
language.spa;Español;
language.swe;Svenska;
language.tur;Türk;
liveScreen.noChannel;Channel unavailable;
date.format.smallday0;Sun;
date.format.smallday1;Mon;
date.format.smallday2;Tue;
date.format.smallday3;Wed;
date.format.smallday4;Thu;
date.format.smallday5;Fri;
date.format.smallday6;Sat;
date.format.day0;Sunday;
date.format.day1;Monday;
date.format.day2;Tuesday;
date.format.day3;Wednesday;
date.format.day4;Thursday;
date.format.day6;Saturday;
date.format.smallmonth0;Jan;
date.format.smallmonth1;Feb;
date.format.smallmonth2;Mar;
date.format.smallmonth3;Apr;
date.format.smallmonth4;May;
date.format.smallmonth5;Jun;
date.format.smallmonth6;Jul;
date.format.smallmonth7;Aug;
date.format.smallmonth8;Sep;
date.format.smallmonth9;Oct;
date.format.smallmonth10;Nov;
date.format.smallmonth11;Dec;
date.format.month0;January;
date.format.month1;February;
date.format.month2;March;
date.format.month3;April;
date.format.month4;May;
date.format.month5;June;
date.format.month6;July;
date.format.month7;August;
date.format.month8;September;
date.format.month9;October;
date.format.month10;November;
date.format.month11;December;
network.error.ssid.tooShort;Network name too short, please enter another one and try again.;
network.error.password.tooShort;Password is too short, please enter another one with more digits and try again.;
firstInstall.languageScreen.title;Language;
firstInstall.remoteUnPairingScreen.title;Remote pairing;
firstInstall.helpBar.toSelect;Choose;
firstInstall.helpBar.toGoBack;Back;
firstInstall.wifiNetworkSelectScreen.description;Press the WPS button on your TV box until the connection confirmation screen appears, or enter your Wi-Fi details:;
firstInstall.wifiKeyboardScreen.ssid.description;Enter network name:;
firstInstall.wifiKeyboardScreen.password.description;Enter Wi-Fi password:;
firstInstall.wifiNetworkSelector.searchAgain;Search again;
firstInstall.helloScreen.title.searchingAccount;One moment;
firstInstall.conflictedChannelsFoundScreen.title;Channels;
firstInstall.conflictedChannelsFoundScreen.description;Your aerial is picking up multiple regions for %1 %2. Please choose:;
firstInstall.resolveChannelConflictScreen.title;Channel %1;
firstInstall.resolveChannelConflictScreen.description;Please choose one of the following options:;
firstInstall.conflictResolutionConfirmScreen.title;Confirm channels;
firstInstall.conflictResolutionConfirmScreen.description;Please confirm your chosen channels:;
firstInstall.buttons.pairLater;Pair later;
firstInstall.buttons.connect;Connect;
firstInstall.buttons.ethernet;Ethernet;
firstInstall.buttons.tryAgain;Try again;
firstInstall.buttons.tryAgainDHCP;Try again with DHCP;
firstInstall.buttons.connectWifi;Connect with WiFi;
firstInstall.buttons.advanced;Advanced;
firstInstall.buttons.continue;Continue;
firstInstall.buttons.next;Next;
firstInstall.buttons.confirm;Confirm;
firstInstall.buttons.startScanning;Start scanning;
firstInstall.buttons.finishSetup;Finish setup;
firstInstall.buttons.skip;Skip;
firstInstall.buttons.startWatching;Start watching;
firstInstall.buttons.autoSelect;Auto select;
firstInstall.buttons.customSelect;Custom select;
firstInstall.helpBar.help;Help;
keyboard.masterPin.enter.placeholder;Please enter your new 4-digit PIN;
keyboard.masterPin.reEnter.placeholder;Please re-enter your new 4-digit PIN;
keyboard.lockedChannels.placeholder;Channel number;
firmwareUpdate.title;Please wait while your box updates.;
firmwareUpdate.buttonsBar.updateNow;Update now;
settings.masterPin;PIN;
settings.masterPin.okay;Okay;
settings.masterPin.changeMyPin;Change your PIN;
settings.masterPin.whats.popup;Your default PIN is 1234;
settings.parentalAndPaiment.paymentPin;PIN;
settings.recordings;Recordings;
settings.recordings.deleteAll;Delete all;
settings.recordings.delete.dont;Don't delete all;
settings.recordings.activate.dont;Don't activate;
settings.recordings.autoDelete;Auto delete;
settings.recordings.buySpace;Buy space;
settings.language;Language;
settings.accessibility;Accessibility;
settings.accessibility.audioDescription;Audio description;
settings.accessibility.subtitles;Subtitles;
settings.termsAndConditions;Terms & conditions;
settings.termsAndConditionsPageTitle;Terms & conditions;
settings.systemConfigurations.network;Network;
settings.systemConfigurations.remote;Remote;
settings.systemConfigurations.tvChannels;TV channels;
settings.systemConfigurations.audioAndVisual;Audio & visual;
settings.systemConfigurations.clockSettings;Clock settings;
settings.clockSettings.hourFormats.12;am / pm;
settings.clockSettings.hourFormats.24;24 hour;
settings.systemConfigurations.updates;Updates;
settings.systemConfigurations.updates.updateAvailable;Software update available. Please wait a few minutes while your TV box restarts and installs the update.;
settings.systemConfigurations.information;Information;
settings.informations.buttons.general;General;
settings.informations.buttons.audioAndVideo;Audio & video;
settings.informations.buttons.tvQuality;TV quality;
settings.informations.title;Box information;
settings.informations.brandName;Brand name;
settings.informations.modelName;Model name;
settings.informations.hardwareVersion;Hardware version;
settings.informations.softwareVersion;Software version;
settings.informations.uiVersion;UI version;
settings.informations.updateDate;Last system software update:;
settings.informations.epgData;EPG data;
settings.informations.householdID;Household ID;
settings.informations.usedCapacityEMMC;Used/capacity eMMC;
settings.informations.usbBack;USB back;
settings.informations.activeConnection;Active connection;
settings.informations.ip;Current IP address;
settings.informations.wired.mac;Ethernet MAC address;
settings.informations.wireless.mac;Wireless MAC address;
settings.informations.serialNumber;Serial number;
settings.informations.router;Router;
settings.informations.speedtest;Speed test;
settings.informations.operationalMode;Operational mode;
settings.informations.videoConnectionMode;Video connection mode;
settings.informations.tvModel;TV model;
settings.informations.audioConnectionMode;Audio connection mode;
settings.informations.audioOutput;Audio output;
settings.informations.remoteControlMode;Remote control mode;
settings.informations.channelNameDVBT;Channel name (DVB-T);
settings.informations.frequency;Frequency;
settings.informations.signalStrength;Signal strength;
settings.informations.ber;BER;
settings.informations.channelNameOTT;Channel name (over the top);
settings.informations.abr;ABR;
settings.informations.environment;Environment;
settings.parentalControls;Parental controls;
settings.parentalControls.whats.popup;Your default PIN is 1234. When it’s turned on, you’ll be asked to enter it when you make payments and some settings changes like turning parental controls on/off.;
settings.lockedChannels.customise;Customise;
settings.lockedChannels.unlockAll;Unlock all;
settings.lockedChannels.locked;Locked;
settings.tvChannels.premiumChannels;Premium channels;
settings.enterNewPin;Enter new PIN;
settings.reEnterNewPin;Re-enter new PIN;
settings.pinConfirmed;PIN confirmed;
settings.ageRatings.universal;Universal;
settings.ageRatings.u;U;
settings.ageRatings.pg;PG;
settings.ageRatings.12;12;
settings.ageRatings.15;15;
settings.ageRatings.18;18;
settings.ageRatings.off;Off;
settings.network.searchAgain;Search again;
settings.network.wps.popup;Press the WPS button on your TV box, then on your router to automatically start pairing.;
settings.network.lan.connect;Connect;
settings.network.advanced;Advanced;
settings.network.advanced.ipAddress;IP address;
settings.remote;Remote;
settings.remotePairing;Remote pairing;
settings.remote.batteryStatus;Battery status;
settings.remote.batteryStatus.fine;Your battery status is OK;
settings.remote.batteryStatus.sheetTitleview;View status;
settings.remote.batteryStatus.sheetSubtitleview;Battery status;
settings.remote.connectionType;Connection type;
settings.remote.connectionType.IR;IR;
settings.remote.connectionType.infrared;Infrared;
settings.remote.connectionType.RF;RF;
settings.remote.connectionType.radioFrequency;Radio frequency;
settings.tvChannels.autoScan;Auto scan;
settings.tvChannels.startAutoScan;Start auto scan;
settings.tvChannels.stopAutoScan;Stop auto scan;
settings.tvChannels.channelScan;Channel scan;
settings.tvChannels.currentlyHave;You currently have:<div class='channelsSummary'><div>%1</div><div>Digital</div><div>%2</div><div>TV</div><div>%3</div><div>Radio</div></div>;
settings.tvChannels.currentlyFound;We've found:<div class='channelsSummary'><div>%1</div><div>Digital</div><div>%2</div><div>TV</div><div>%3</div><div>Radio</div></div>;
settings.tvChannels.weFound;We found:<div class='channelsSummary'><div>%1</div><div>Digital</div><div>%2</div><div>TV</div><div>%3</div><div>Radio</div></div>;
settings.tvChannels.autoSelect;Auto select;
settings.tvChannels.customSelect;Custom select;
settings.tvChannels.resolveConflict.description;Please confirm your chosen channel:;
settings.tvChannels.confirmConflictResolution.description;Please confirm your chosen channels:;
mytv.watchnext;Watch next;
mytv.allRecordings;All recordings;
mytv.scheduledRecordings;Scheduled recordings;
mytv.allScheduledRecordings;All scheduled recordings;
mytv.allPurchasesAndRentals;All rentals & purchases;
mytv.wishlist;Record;
mytv.allWishlist;Recordings;
mytv.other;Others;
apps.apps;Apps;
apps.myApps;My apps;
apps.new;New;
apps.popular;Popular;
apps.education;Education;
search.searchResults;Search results;
search.noResults;No results;
programInfo.airedOn;Aired on;
programInfo.related;Related;
programInfo.recording.record;Record;
programInfo.actionButtons.watch;Watch;
programInfo.actionButtons.watchRecording;Watch your recording;
programInfo.actionButtons.watchLive;Watch;
programInfo.actionButtons.recordOn;Record episode;
programInfo.actionButtons.watchCatchup;Watch;
programInfo.actionButtons.startOver;Restart;
programInfo.actionButtons.recordSeries;Record series;
programInfo.actionButtons.cancelRecording;Cancel recording;
programInfo.actionButtons.deleteRecording;Delete recording;
programInfo.actionButtons.cancelRecordSeriesOn;Cancel series recording;
programInfo.actionButtons.deleteRecordSeriesOn;Delete series recording;
programInfo.actionButtons.protect;Protect recording;
programInfo.actionButtons.unprotect;Unprotect recording;
programInfo.actionButtons.trailer;Watch trailer;
programInfo.actionButtons.thirdPartyApp;0,01;
programInfo.actionButtons.wishlist.remove;Remove;
programInfo.actionButtons.wishlist.add;Schedule record;
programInfo.actionButtons.watchContent;Watch %1;
programInfo.actionButtons.buy;Buy;
programInfo.actionButtons.rent;Rent;
programInfo.actionButtons.confirm4K;Your current resolution is not 4K. To watch 4K content your TV must be 4K-ready. Are you sure you want to continue?;
minutes.acronym;mins;
minute.acronym;min;
settings.audioAndVisual.audioOutput;Audio output;
settings.audioAndVisual.audioOutput.stereo;Stereo;
settings.audioAndVisual.audioOutput.dolbyAudio;Dolby Audio;
settings.audioAndVisual.hdmiAudioOutput;HDMI audio output;
settings.audioAndVisual.on;On;
settings.audioAndVisual.off;Off;
settings.audioAndVisual.screenResolution.576p;576p;
settings.audioAndVisual.screenResolution.720p;720p;
settings.audioAndVisual.screenResolution.1080p;1080p;
settings.audioAndVisual.screenResolution.4k;4K;
settings.systemConfigurations.powerSaving;Power;
settings.powerSaving.quickBoot;Power saving mode;
settings.powerSaving.autoStandbyTime;Auto standby time;
settings.powerSaving.autoStandbyTime.3h;3 hours;
settings.powerSaving.autoStandbyTime.6h;6 hours;
settings.powerSaving.autoStandbyTime.12h;12 hours;
settings.powerSaving.autoStandbyTime.off;Off;
settings.conflictedChannelsFoundScreen.description;Your aerial is picking up multiple regions for <insert>. Please choose an option:;
popups.powerSaving.buttons.cancel;Cancel standby;
popups.powerSaving.buttons.adjust;Change auto standby;
network.ipAddress;IP address;
network.subnetMask;Subnet mask;
network.defaultGateway;Default gateway;
network.primaryDNS;Primary DNS;
network.secondaryDNS;Secondary DNS;
serieInfo.recordEpisode;Record episode;
serieInfo.recordSeries;Record series;
serieInfo.season;Season;
popups.upgrade.buttons.updateNow;Update now;
popups.reboot.buttons.rebootNow;Reboot now;
popups.wifi.buttons.tryAgain;Try again;
popups.storage.misc;0;
popups.storage.buttons.manage;Manage my recordings;
popups.storage.buttons.enableAutoDelete;Enable auto delete;
popups.continueWatching.buttons.next;Next episode;
popups.continueWatching.buttons.startOver;Restart;
popups.maintenance.message;An update is scheduled for your TV box;
maintenance.wait;Update in progress, please wait.;
rails.more;More;
rails.moretitle;More %1;
rails.bucketMore;See more;
badging.expires;Expires from %1 in %2 days;
badging.recorded;Recorded;
badging.protected;Protected recording;
badging.subtitles;Subtitles available;
badging.audioDescription;Audio description available;
badging.wishList;Scheduled record;
badging.catchUp;Catch up;
badging.airsOn;Airs on %1;
notification.recording.delete;Recording deleted;
notification.recording.cancel;Recording cancelled;
notification.recording.scheduled;Recording scheduled;
notification.seriesRecording.cancel;Series record cancelled;
notification.seriesRecording.delete;Series record deleted;
notification.recording.protect;Recording protected;
notification.network.online;You're connected;
notification.purchase.success;Purchase made;
notification.login.emptyToken;Empty token;
notification.battery.low;Your TV remote batteries are low, please replace them.;
settings.warning.popup.parentalControlEnable;Turning on parental controls will enable your TV PIN. Are you happy to continue?;
settings.ledBrightness.medium;Medium;
programInfo.actionButtons.moreWatchOptions;More options;
notification.recording.unprotect;Unlocked - you can now record;
common.confirm;Okay?;
keyboard.search.placeholder;Start searching;
settings.warning.popup.masterPinDisable;Turning off your PIN will also turn off parental controls. Are you happy to continue?;
settings.network.wifi.waiting;Connecting to your Wi-Fi network;
settings.tvChannels.abortingAutoScan;Stopping;
settings.audioDescription.on;Turn on;
settings.subtitles.on;Turn on;
popups.powerSaving.message;Vodafone TV will go into standby mode in %1s;
firstInstall.languageScreen.description;Choose your language;
settings.parentalControls.changeMyPin;Change PIN;
settings.parentalControls.changedPin;Your PIN has changed;
settings.ledBrightness.high;High;
settings.informations.buttons.connectivity;Internet;
settings.ledBrightness.low;Low;
settings.remote.remotePairNewDevice;Pair remote;
settings.channelScan.auto;Scan;
settings.powerSaving.quickBoot.hint;Turn power saving mode off for faster setup;
firstInstall.helloScreen.description.searchingAccount;Logging in to your Vodafone TV account;
settings.systemConfigurations.subtitle;System info;
settings.network.advanced.configureIpAddress;Manual setup;
popups.continueWatching.misc;Continue watching: starting in %1;
firstInstall.buttons.manualIPConfig;Manual IP setup;
settings.systemConfigurations;More settings;
settings.systemConfigurations.factoryReset;Reset;
settings.informations.buttons.remoteControl;Remote;
settings.network.advanced.waiting;Connecting your IP address to your TV box;
popups.reboot.misc;Reboot in %1;
notification.recording.start;Recording;
date.format.day5;Friday;
firstInstall.helloScreen.description.foundAccount;Nearly done;
firstInstall.wifiNetworkConnectingScreen.description;Connecting to your Wi-Fi network;
settings.network.advanced.dhcp;Auto setup;
settings.remote.remotePairNewDevice.step0.failed.description;Sorry, you pressed the wrong buttons: press and hold the 3 and yellow buttons together for 5 seconds.;
change language;Change language;
firstInstall.manualNetworkConfigurationScreen.description;Please enter your network details using the number keys.;
settings.premiumChannels.hide;Hide;
settings.premiumChannels.show;Show;
pinEntry.parentalPinCode;Enter your PIN;
settings.remote.remotePairNewDevice.step2.description;Great, your remote is now paired;
pinEntry.masterPinCode;Enter your PIN;
settings.recordings.deleteAllQuestion;Are you sure you want to delete all recordings?;
settings.recordings.autoDeleteQuestion;Are you sure you want to activate the auto delete feature?;
pinEntry.successful;PIN confirmed;
popups.upgrade.title;Software upgrade about to start;
firstInstall.getHelpScreen.channels.description;Once your TV aerial is connected, start scanning for channels.;
settings.systemConfigurations.factoryReset.popup;<p>Are you sure you want to restore to factory settings? This will delete any customised settings.<br/>Don't worry, your recordings won't be deleted.</p>;
firstInstall.wiredNetworkSearchScreen.manual.description;Trying to connect;
firstInstall.wiredNetworkSearchScreen.description;Please make sure your Ethernet cable is plugged in.;
firstInstall.getHelpScreen.wifi.description;You'll find the answers to lots of questions at vodafone.co.uk/tv;
firstInstall.getHelpScreen.wired.description;You'll find the answers to lots of questions at vodafone.co.uk/tv;
firstInstall.remotePairLaterScreen.description;If you can't pair your remote now, don't worry – you can always pair it later and it'll still work in the meantime when you point it at the box.;
settings.network.noInternet;;
firstInstall.wifiNetworkErrorScreen.noLink;;
settings.network.lan.noLink;;
firstInstall.wiredNetworkScreen.noLink;;
notification.network.error;;
programInfo.rentalExpiresOn;;
Available to Purchase;;
Smart TV FTU UDID;;
adult.hidden.description;;
adult.hidden.title;;
adult.visible.title;;
advertising.notification.description;;
advertising.notification.personalizedAds.cannotWatch.description;;
advertising.notification.personalizedAds.cannotWatch.title;;
advertising.notification.personalizedAds.optIn;;
advertising.notification.personalizedAds.optOut;;
advertising.notification.title;;
advertising.overlay.count;;
alexa.EnablewithoutSetup.text;;
alexa.EnablewithoutSetup.title;;
alexa.alexaDisableScreen.cancelButton;;
alexa.alexaDisableScreen.confirmButton;;
alexa.alexaDisableScreen.text;;
alexa.alexaDisableScreen.title;;
alexa.alexaSettignDefaultScreen.buttonSetUp;;
alexa.alexaSettingDefaultScreen.buttonLanguage;;
alexa.alexaSettingDefaultScreen.buttonSignout;;
alexa.alexaSettingDefaultScreen.buttonTermsAndConditions;;
alexa.alexaSetupScreen.description;;
alexa.alexareadyscreen.ia.information;;
alexa.alexareadyscreen.ia.term1;;
alexa.alexareadyscreen.ia.term2;;
alexa.alexareadyscreen.ia.term3;;
alexa.alexareadyscreen.information;;
alexa.alexareadyscreen.subtitle;;
alexa.alexareadyscreen.term1;;
alexa.alexareadyscreen.term2;;
alexa.alexareadyscreen.term3;;
alexa.alexareadyscreen.term4;;
alexa.alexareadyscreen.term5;;
alexa.alexareadyscreen.vsb.information;;
alexa.alexareadyscreen.vsb.subtitle;;
alexa.alexareadyscreen.vsb.term1;;
alexa.alexareadyscreen.vsb.term2;;
alexa.alexareadyscreen.vsb.term3;;
alexa.alexareadyscreen.vsb.term4;;
alexa.alexareadyscreen.vsb.term5;;
alexa.alexareadyscreen.vsb.term6;;
alexa.authError;;
alexa.card.canDoMore;;
alexa.card.connect;;
alexa.card.connectAmazonAccount;;
alexa.defaultScreen.description;;
alexa.defaultScreen.subDescription;;
alexa.defaultscreen.buttonDisable;;
alexa.defaultscreen.buttonSigneIn;;
alexa.defaultscreen.buttonTermOfUse;;
alexa.defaultscreen.devicename;;
alexa.defaultscreen.signedInAs;;
alexa.enablePopup.title;;
alexa.enableWithoutSetup.ok;;
alexa.enablevoicesubMsg;;
alexa.errorScreen.button.retry;;
alexa.isReadyTitle;;
alexa.notification.signout.body;;
alexa.notification.signout.header;;
alexa.popup.tryAlexa.title;;
alexa.setUpScreen.Goto;;
alexa.setUpScreen.description;;
alexa.setUpScreen.later;;
alexa.setUpScreen.refreshCode;;
alexa.setUpScreen.title;;
alexa.termandConditionScreen.title;;
alexa.termsOfUseScreen.title;;
apps.myApps.add.added;;
apps.myApps.add.titleAppAdd;;
apps.myApps.add.titleAppAddDescription;;
apps.myApps.add.titleAppRemove;;
apps.myApps.add.titleAppRemoveDescription;;
apps.myApps.add.titleMaxDescription;;
apps.myApps.add.titleMaxLimit;;
apps.myApps.delete.remove;;
apps.myApps.reorder.moved;;
apps.rail.recentApps;;
badging.acronym.audioDescription;;
badging.acronym.closedCaption;;
badging.acronym.signLanguage;;
badging.acronym.subtitles;;
badging.airsNow;;
badging.airsOnDateAndTime;;
badging.availableToPurchase;;
badging.availableToPurchaseAndExpiration;;
badging.availableToSubscribe;;
badging.failedOn;;
badging.partiallyRecordedOn;;
badging.purchased;;
badging.recordableEpisode;;
badging.recordableSeries;;
badging.recordedOn;;
badging.recordingNow;;
badging.recordingScheduled;;
badging.scheduled;;
badging.subscribed;;
badging.subscribedTo;;
badging.upcomingCatchUp;;
bluetooth.fullplayer.audioprofile;;
bluetooth.fullplayer.collapse;;
bluetooth.fullplayer.connected;;
bluetooth.fullplayer.exit;;
bluetooth.fullplayer.unknownTrackAlbum;;
bluetooth.fullplayer.unknownTrackArtist;;
bluetooth.fullplayer.unknownTrackTitle;;
bluetooth.popup.buttons.connect;;
bluetooth.subtitle;;
bluetoothConnect.subtitle;;
bluetoothConnect.title;;
bluetoothConnection.title;;
bluetoothDisconnect.title;;
buttons.filesFormat.3d;;
buttons.filesFormat.4K;;
buttons.filesFormat.HD;;
buttons.filesFormat.SD;;
cableRegio.scanSummary.description.success;;
cableRegio.scanSummary.title;;
cancelMultipleSeries.popup.subtitle;;
cancelMultipleSeries.popup.title;;
cancelSeries.subtitle;;
cancelSeries.title;;
channelScan.completed;;
channelScan.error;;
clashManagementScreen.availableAsCatchup;;
clashManagementScreen.recording;;
clashManagementScreen.repeatsOn;;
clashManagementScreen.reschedule;;
clashManagementScreen.subtitle;;
clashManagementScreen.title;;
common.back;;
common.blockedContent;;
common.browseAll;;
common.buyStorage;;
common.deselectAll;;
common.disconnect;;
common.hideAll;;
common.min;;
common.noThanks;;
common.other;;
common.reorder;;
common.searchOn;;
common.selectAll;;
common.showAll;;
common.subscribe;;
common.tvGuide;;
common.unpair;;
common.welcomeTo;;
continueWatching.household;;
date.format.duration.day;;
date.format.duration.days;;
date.format.duration.hour;;
date.format.duration.hours;;
date.format.duration.minute;;
date.format.duration.minutes;;
date.format.duration.month;;
date.format.duration.months;;
date.format.duration.second;;
date.format.duration.seconds;;
date.format.duration.short.hours;;
date.format.duration.short.minutes;;
date.format.duration.short.seconds;;
date.format.duration.year;;
date.format.duration.years;;
deleteMultipleSeries.popup.protectedSubtitle;;
deleteMultipleSeries.popup.subtitle;;
deleteMultipleSeries.popup.title;;
deleteSeries.delete;;
deleteSeries.subtitle;;
deleteSeries.title;;
deleteSingleSeries.popup.subtitle;;
deleteSingleSeries.popup.title;;
detailsConfirmPurchaseScreen.audioTitle;;
detailsConfirmPurchaseScreen.detailsTitle;;
detailsConfirmPurchaseScreen.subtitlesTitle;;
epg.adultProgram.hidden.description;;
epg.adultProgram.hidden.name;;
epg.adultProgram.hidden.subtitle;;
epg.adultProgram.locked.description;;
epg.adultProgram.locked.name;;
epg.allChannels;;
epg.channel.locked.name;;
epg.filters.all;;
epg.filters.allChannels;;
epg.filters.hdchannels;;
epg.filters.juststarted;;
epg.filters.mostWatched;;
epg.filters.subscribedChannels;;
epg.filters.title;;
epg.program.locked.description;;
epg.summary.duration;;
epg.summary.origin;;
epg.summary.releaseDate;;
error.actionNotAllowed;;
error.default;;
error.mdw.network.configurationGetFailed;;
error.mdw.network.configurationSetFailed;;
error.netflix.esn;;
error.player.broadcast.cannotResolve;;
error.player.broadcast.cannotTune;;
error.player.broadcast.channelChangeInterrupted;;
error.player.broadcast.channelNotFound;;
error.player.broadcast.channelNotSupported;;
error.player.broadcast.channelParentalLock;;
error.player.broadcast.channelRecordingOngoing;;
error.player.broadcast.encryptedChannel;;
error.player.broadcast.insufficientBandwidth;;
error.player.broadcast.insufficientResources;;
error.player.broadcast.tunerLocked;;
error.player.broadcast.unknownChannel;;
error.player.broadcast.unrealized;;
error.player.oipf.connectionLost;;
error.player.oipf.corrupt;;
error.player.oipf.format;;
error.player.oipf.insufficientResources;;
error.player.oipf.positionUnavailable;;
error.player.oipf.unavailable;;
error.player.unidentified;;
error.purchase.er.PPVPurchased;;
error.purchase.er.accountNotValid;;
error.purchase.er.collectionPurchased;;
error.purchase.er.configNotFound;;
error.purchase.er.couponNotValid;;
error.purchase.er.free;;
error.purchase.er.incorrectPrice;;
error.purchase.er.insufficientFunds;;
error.purchase.er.invalidUser;;
error.purchase.er.notInDomain;;
error.purchase.er.notPurchasable;;
error.purchase.er.pgChargeIDRequired;;
error.purchase.er.pgNoResponse;;
error.purchase.er.pgNotExist;;
error.purchase.er.pgNotSet;;
error.purchase.er.pgUnknownResponse;;
error.purchase.er.retryLimitExceeded;;
error.purchase.er.signatureMismatch;;
error.purchase.er.subscriptionOnly;;
error.purchase.er.subscriptionPurchased;;
error.purchase.er.unknownPPV;;
error.purchase.er.unknownReason;;
error.purchase.er.unknownTransactionState;;
error.purchase.er.unknownUser;;
error.purchase.er.userNotExist;;
error.purchase.er.userSuspended;;
error.purchase.unidentified;;
error.token.store.failed;;
error.userAccountSuspended;;
error.userActionSuspended;;
explanatoryCard.localQuotaLimit.info;;
explanatoryCard.localQuotaLimit.statusContent;;
explanatoryCard.localQuotaLimit.title;;
explanatoryCard.mytv.external.myTVRecommendations;;
explanatoryCard.mytv.purchasesAndRentals;;
explanatoryCard.mytv.recommendations;;
explanatoryCard.mytv.recommendations.recommendationsOptIn;;
explanatoryCard.mytv.recommendations.title;;
explanatoryCard.mytv.recordings;;
explanatoryCard.mytv.rentals;;
explanatoryCard.mytv.scheduledRecordings;;
explanatoryCard.mytv.title;;
explanatoryCard.mytv.watchnext;;
explanatoryCard.mytv.watchnext.recommendationsOptIn;;
explanatoryCard.mytv.watchnext.title;;
explanatoryCard.mytv.welcomeTo;;
explanatoryCard.mytv.welcomeToMyTV;;
explanatoryCard.mytv.wishlist;;
explanatoryCard.ondemand.recommendationsOptIn;;
explanatoryCard.ondemand.title;;
explanatoryCard.quota.autoDelete;;
explanatoryCard.quota.title;;
explanatoryCard.railTitle.mytv.external.myTVRecommendations;;
explanatoryCard.railTitle.mytv.purchasesAndRentals;;
explanatoryCard.railTitle.mytv.recommendations;;
explanatoryCard.railTitle.mytv.recordings;;
explanatoryCard.railTitle.mytv.rentals;;
explanatoryCard.railTitle.mytv.scheduledRecordings;;
explanatoryCard.railTitle.mytv.watchnext;;
explanatoryCard.railTitle.mytv.wishlist;;
explanatoryCard.related.recommendationsOptIn;;
explanatoryCard.related.title;;
explanatoryCard.search.recommendationsOptIn;;
explanatoryCard.search.title;;
explanatoryCard.switchOn;;
fastZap.barker.countdown;;
fastZap.upNext;;
firstInstall.automaticRecordingsMoreInfoScreen.description;;
firstInstall.automaticRecordingsMoreInfoScreen.title;;
firstInstall.bleRemotePairLaterScreen.description;;
firstInstall.bleRemotePairingScreen.description;;
firstInstall.bleRemotePairingScreen.title;;
firstInstall.bleRemotePairingSuccessScreen.description;;
firstInstall.bleRemotePairingSuccessScreen.title;;
firstInstall.buttons.ATP;;
firstInstall.buttons.I&D;;
firstInstall.buttons.agree;;
firstInstall.buttons.back;;
firstInstall.buttons.deepMode;;
firstInstall.buttons.developerMode;;
firstInstall.buttons.disagree;;
firstInstall.buttons.instantMode;;
firstInstall.buttons.manual;;
firstInstall.buttons.moreInfo;;
firstInstall.buttons.reset;;
firstInstall.buttons.skipScanning;;
firstInstall.buttons.tryAgainWithEthernet;;
firstInstall.buttons.updateAndReboot;;
firstInstall.buttons.validate;;
firstInstall.cheatMenuScreen.desc;;
firstInstall.cheatMenuScreen.title;;
firstInstall.consent.description;;
firstInstall.contentSettingsScreen.automaticRecordingsAgreement.title;;
firstInstall.contentSettingsScreen.recommendationsAgreement.title;;
firstInstall.contentSettingsScreen.title;;
firstInstall.firmwareUpdateScreen.desc;;
firstInstall.firmwareUpdateScreen.title;;
firstInstall.irRfRemotePairLaterScreen.description;;
firstInstall.irRfRemotePairingScreen.description;;
firstInstall.irRfRemotePairingScreen.title;;
firstInstall.irRfRemotePairingSuccessScreen.description;;
firstInstall.irRfRemotePairingSuccessScreen.title;;
firstInstall.powerSaving.description;;
firstInstall.powerSaving.title;;
firstInstall.powerSaving.turnOff;;
firstInstall.powerSaving.turnOn;;
firstInstall.progressbar.complete.label;;
firstInstall.progressbar.label;;
firstInstall.recommendationsMoreInfoScreen.description;;
firstInstall.recommendationsMoreInfoScreen.title;;
firstInstall.recoverPwdScreen.description;;
firstInstall.recoverPwdScreen.subtitle;;
firstInstall.recoverPwdScreen.title;;
firstInstall.scanSummaryScreen.description.fail;;
firstInstall.scanSummaryScreen.description.fail.OTTOnly;;
firstInstall.scanSummaryScreen.description.fail.cable;;
firstInstall.scanSummaryScreen.description.fail.ftth;;
firstInstall.scanSummaryScreen.description.partial;;
firstInstall.scanSummaryScreen.description.partial.cable;;
firstInstall.scanSummaryScreen.description.partial.ftth;;
firstInstall.scanSummaryScreen.description.success;;
firstInstall.scanSummaryScreen.description.success.OTTOnly;;
firstInstall.scanSummaryScreen.description.success.cable;;
firstInstall.scanSummaryScreen.description.success.ftth;;
firstInstall.standbyModeSelectionScreen.desc;;
firstInstall.standbyModeSelectionScreen.title;;
firstInstall.startChannelsScanScreen.description.cable;;
firstInstall.startChannelsScanScreen.description.ftth;;
firstInstall.unpairRfRemoteScreen.description;;
firstInstall.wifiBandwidthStateScreen.buttons.retry;;
firstInstall.wifiNetworkErrorScreen.wirelessConnectionError;;
firstInstall.wifiNetworkSelector.wps;;
firstInstall.wiredNetworkScreen.noInternet;;
folder.bundle.includes;;
folder.button.confirm;;
folder.button.selfcare.subscribe;;
folder.button.subscribe;;
folder.button.subscribed;;
folder.channelGrid.title;;
folder.subscriptionType.app;;
folder.subscriptionType.individualLinearChannel;;
folder.subscriptionType.pack;;
ftu.welcome.scanQR.button.description;;
ftu.welcome.signUp.buttonText;;
gdpr.consent;;
gdpr.notice;;
gdpr.privacy;;
gdpr.privacy.consent.ads.description;;
gdpr.privacy.consent.confirmation;;
gdpr.privacy.consent.description;;
gdpr.privacy.consent.kids.description;;
gdpr.privacy.consent.title;;
gdpr.privacy.default.notice;;
gdpr.privacy.notice.description;;
gdpr.privacy.notice.title;;
gdpr.privacy.settings.agree;;
gdpr.privacy.settings.agreed;;
gdpr.privacy.settings.agreedAll;;
gdpr.privacy.settings.consent.description;;
gdpr.privacy.settings.description;;
gdpr.privacy.settings.disagree;;
gdpr.privacy.settings.disagreedAll;;
gdpr.privacy.settings.notAgreed;;
gdpr.privacy.settings.notice.description;;
gdpr.privacy.thirdPartyConsent.description;;
gdpr.privacy.thirdPartyConsent.title;;
hpvr.countdown.shortSeconds;;
hpvr.dismiss;;
hpvr.formatDisk;;
hpvr.hdd.connected;;
hpvr.hdd.eject.popup.title;;
hpvr.hdd.ongoing.eject.popup.title;;
hpvr.hdd.recognized;;
hpvr.hddFormat.popup.subtitle;;
hpvr.hddFormat.popup.title;;
hpvr.hddFormatFailed.popup.subtitle;;
hpvr.hddFormatFailed.popup.title;;
hpvr.hddFormatting.popup.subtitle;;
hpvr.hddFormatting.popup.title;;
hpvr.hddFormattingDone.popup.subtitle;;
hpvr.hddFormattingDone.popup.title;;
hpvr.hddNotRecognize.popup.subtitle;;
hpvr.hddNotRecognize.popup.title;;
hpvr.hddPlugged.popup.subtitle;;
hpvr.hddPlugged.popup.title;;
hpvr.newHddPlug;;
hpvr.recording.cancelled;;
hpvr.recording.channelNotFound;;
hpvr.recording.completed;;
hpvr.recording.deleted;;
hpvr.recording.hddBufferOverflow;;
hpvr.recording.noCASSessionAvailable;;
hpvr.recording.noEntitlement;;
hpvr.recording.noHDD;;
hpvr.recording.noHDDSpace;;
hpvr.recording.noHDDWritable;;
hpvr.recording.noSignal;;
hpvr.recording.noTunersAvailable;;
hpvr.recording.ongoing;;
hpvr.recording.partiallyCompleted;;
hpvr.recording.scheduled;;
hpvr.restartLater;;
hpvr.restartNow;;
hpvr.subtitle.hddDisconnectedInformations;;
hpvr.subtitle.localQuotaLimitReached;;
hpvr.title.formattingStorage;;
hpvr.title.hddDisconnected;;
hpvr.title.localQuotaLimitReached;;
hybridPvrNotification.lowStorageForRecord;;
hybridPvrNotification.rescheduledRecording;;
hybridPvrNotification.rescheduledTo;;
improvedRec.cancelEpisodes.selectEpisodes;;
improvedRec.deleteEpisodes.selectEpisodes;;
improvedRec.deleteProtectedRecording.subtitle;;
improvedRec.deleteProtectedRecording.title;;
improvedRec.deleteProtectedRecordings.subtitle;;
improvedRec.deleteProtectedRecordings.title;;
improvedRec.episodeCancelledAndChooseOption.subtitle;;
improvedRec.episodeCancelledAndChooseOption.title;;
improvedRec.episodeDeletedAndChooseOption.subtitle;;
improvedRec.episodeDeletedAndChooseOption.title;;
improvedRec.filters.all;;
improvedRec.filters.genre.othersInfos;;
improvedRec.filters.genre.rail.allMovies;;
improvedRec.filters.genre.rail.allTvShows;;
improvedRec.filters.scheduledRecordings;;
improvedRec.infos.cloudPercentage;;
improvedRec.infos.localPercentage;;
improvedRec.infos.recordings;;
improvedRec.infos.selectedOf;;
improvedRec.infos.simplePercentage;;
improvedRec.infos.updated.recordings;;
improvedRec.manage.noItemSelected.cancelDescription;;
improvedRec.manage.noItemSelected.description;;
improvedRec.manage.noItemSelected.title;;
improvedRec.manage.protectedDescription;;
improvedRec.manage.protectedTitle;;
improvedRec.manage.unprotectedDescription;;
improvedRec.manage.unprotectedTitle;;
improvedRec.manageProtect.chooseBothRecordings;;
improvedRec.manageProtect.chooseCloudRecordings;;
improvedRec.manageProtect.chooseLocalRecordings;;
improvedRec.manageProtect.chooseUnprotect;;
improvedRec.manageProtect.exceedProtected;;
improvedRec.manageProtect.maxAndLeftRecordings;;
improvedRec.manageProtect.maxAndLeftRecordingsBoth;;
improvedRec.manageProtect.maxAndLeftRecordingsCloud;;
improvedRec.manageProtect.maxAndLeftRecordingsLocal;;
improvedRec.manageProtect.maximumBothProtected;;
improvedRec.manageProtect.maximumCloudProtected;;
improvedRec.manageProtect.maximumLocalProtected;;
improvedRec.manageProtect.maximumProtected;;
improvedRec.manageProtect.selectUnprotect;;
improvedRec.manageProtect.title;;
improvedRec.notification.cancelRecordings.description;;
improvedRec.notification.cancelRecordings.title;;
improvedRec.notification.deleteRecordings.description;;
improvedRec.notification.deleteRecordings.title;;
improvedRec.option.cancel;;
improvedRec.option.cancelAll;;
improvedRec.option.cancelSeries;;
improvedRec.option.delete;;
improvedRec.option.deleteAll;;
improvedRec.option.deleteSeries;;
improvedRec.option.deleteUnprotect;;
improvedRec.option.deselectSeason;;
improvedRec.option.manage;;
improvedRec.option.protect;;
improvedRec.option.selectSeason;;
improvedRec.option.selectSingleEpisodes;;
improvedRec.option.showProtected;;
improvedRec.option.unprotect;;
improvedRec.seriesSelected.subtitle;;
improvedRec.seriesSelected.title;;
improvedRec.userAgreement.subtitle;;
improvedRec.userAgreementForSeries.title;;
improvedRec.userAgreementForUnprotected.title;;
improvedRecordings.cloud.leftSpace;;
improvedRecordings.local.leftSpace;;
improvedRecordings.scheduled.recordingClashes;;
improvedRecordings.scheduled.seriesRecordings;;
improvedRecordings.scheduled.singleRecordings;;
jpn;;
keyboard.search.otherPlaceholderText;;
kids.PIN.turnOff;;
kids.PIN.turnOn;;
kids.accept.consent;;
kids.accept.notice;;
kids.actors;;
kids.agreed;;
kids.back;;
kids.bedtime.turnedOnFrom;;
kids.cancel;;
kids.characters;;
kids.common.continue;;
kids.countdown.cancel;;
kids.countdown.change;;
kids.countdown.changeTimerSettings;;
kids.countdown.clearCountdown;;
kids.countdown.overrideBedtime;;
kids.countdown.shortSeconds;;
kids.countdown.startCountdown;;
kids.countdown.updateCountdown;;
kids.countdown.useBedtimeLimit;;
kids.disagreed;;
kids.exit;;
kids.explanatoryCard.subtitle.text;;
kids.explanatoryCard.title.text;;
kids.ftusettings.ageSelection.setBirthday;;
kids.ftusettings.ageSelection.title;;
kids.ftusettings.birthdaySelection.description;;
kids.ftusettings.birthdaySelection.set;;
kids.ftusettings.birthdaySelection.title;;
kids.ftusettings.buttons.agree;;
kids.ftusettings.buttons.disagree;;
kids.ftusettings.buttons.getStarted;;
kids.ftusettings.buttons.watchAgain;;
kids.ftusettings.changeBirthday.title;;
kids.ftusettings.changeCharacter.title;;
kids.ftusettings.changeNickname.title;;
kids.ftusettings.characterSelection.title;;
kids.ftusettings.nicknameEntry.emptyName;;
kids.ftusettings.nicknameEntry.maximumReached;;
kids.ftusettings.nicknameEntry.title;;
kids.gdpr.privacy.consent.confirmation;;
kids.gdpr.privacy.consent.subtitle;;
kids.gdpr.privacy.consent.subtitle.part2;;
kids.gdpr.privacy.consent.title;;
kids.gdpr.privacy.default.consent;;
kids.gdpr.privacy.default.notice;;
kids.gdpr.privacy.notice.title;;
kids.languages.turnedOff;;
kids.languages.turnedOn;;
kids.menu;;
kids.menu.episode;;
kids.menu.season;;
kids.notForKids.changeChannel;;
kids.notForKids.showNotForKids;;
kids.notification.incorrect.configuration.description;;
kids.notification.network.offline.subtitle;;
kids.notification.network.offline.title;;
kids.notification.noContent.message;;
kids.notification.noContent.subtitle;;
kids.notification.noContent.title;;
kids.notification.player.error.subtitle;;
kids.notification.player.error.title;;
kids.pinEntry.accessProfile;;
kids.pinEntry.approveProfile;;
kids.pinEntry.deleteProfile;;
kids.pinEntry.enterSettings;;
kids.pinEntry.exit;;
kids.pinEntry.help.defaultPin;;
kids.pinEntry.help.details;;
kids.pinEntry.help.whats;;
kids.pinEntry.title;;
kids.player.back;;
kids.player.info;;
kids.player.retry;;
kids.player.setCountdown;;
kids.playerError;;
kids.profileSelection.addProfile;;
kids.profileSelection.aged;;
kids.profileSelection.bedtimeStartedSince;;
kids.profileSelection.bedtimeStartedSince.atLeastTwoHours;;
kids.profileSelection.bedtimeStartedSince.betweenOneHourAndTwoHours;;
kids.profileSelection.bedtimeStartedSince.lessThanOneHour;;
kids.profileSelection.countdownFinishedSince;;
kids.profileSelection.settings;;
kids.profileSelection.unconfirmed;;
kids.profiles;;
kids.programInfo.audioDescription;;
kids.programInfo.language;;
kids.programInfo.subtitles;;
kids.settings;;
kids.settings.bedtime;;
kids.settings.bedtime.from;;
kids.settings.bedtime.setBedtime;;
kids.settings.bedtime.setTime;;
kids.settings.bedtime.to;;
kids.settings.changeAge;;
kids.settings.changeAvatar;;
kids.settings.changeName;;
kids.settings.content.preferredLanguage;;
kids.settings.contentSettings;;
kids.settings.delete;;
kids.settings.deleteProfile;;
kids.settings.editProfile;;
kids.settings.help;;
kids.settings.pinRequest;;
kids.settings.privacy;;
kids.settings.showVideos;;
kids.settings.subtitle.askForPin;;
kids.settings.subtitle.deleteProfile.part1;;
kids.settings.subtitle.deleteProfile.part2;;
kids.settings.timeManagement;;
kids.tick.dontShowAgain;;
kids.timeOver.addMoreTime;;
kids.timeOver.exit;;
kids.timeOver.takeABreak;;
kids.timeOver.wakeup;;
kids.turnOff;;
kids.turnOn;;
kids.turnedOff;;
kids.turnedOn;;
kids.update.gdpr.privacy.consent.subtitle;;
kids.update.gdpr.privacy.consent.subtitle.part2;;
kids.update.gdpr.privacy.consent.title;;
kids.update.gdpr.privacy.notice.subtitle;;
kids.update.gdpr.privacy.notice.title;;
language.afr;;
language.ang;;
language.ara;;
language.auto;;
language.ces;;
language.chi;;
language.dan;;
language.de-DE;;
language.dut;;
language.ell;;
language.en-GB;;
language.en-US;;
language.es-ES;;
language.fas;;
language.fin;;
language.grc;;
language.gsw;;
language.heb;;
language.hin;;
language.hun;;
language.isl;;
language.it-IT;;
language.jap;;
language.jpn;;
language.kaz;;
language.kor;;
language.lav;;
language.mao;;
language.mri;;
language.mul;;
language.nld;;
language.nor;;
language.per;;
language.pol;;
language.por;;
language.prt;;
language.pt-BR;;
language.pt-PT;;
language.qaa;;
language.ron;;
language.rus;;
language.slk;;
language.slv;;
language.sqi;;
language.ukr;;
language.zho;;
mainMenu.kids;;
mainMenu.mediaLibrary;;
mainMenu.onTv.title;;
mainMenu.recordings;;
mainMenu.topBar.search;;
mainMenu.tvGuide.subscribeNow;;
mainMenu.tvGuide.watch;;
maintenance.description;;
maintenance.title;;
miniProgramInfo.showMore;;
myApps.Shortcut.Add;;
myApps.Shortcut.Manage;;
myApps.add.info;;
myApps.add.title;;
myApps.delete.info;;
myApps.delete.title;;
myApps.manage.favorite;;
myApps.manage.info.favorite;;
myApps.manage.info.favorite.number;;
myApps.manage.info.recent;;
myApps.manage.info.recent.number;;
myApps.manage.recent;;
myApps.manage.title;;
myApps.reorder.info.default;;
myApps.reorder.info.reorderMode;;
myApps.reorder.title;;
mytv.external.myTVRecommendations;;
mytv.kaltura.Adults;;
mytv.recommendations;;
mytv.recommended;;
mytv.recordings.all.lastMonth;;
mytv.recordings.all.lastWeek;;
mytv.recordings.all.month;;
mytv.recordings.all.older;;
mytv.recordings.all.week;;
mytv.recordings.cloud.future;;
mytv.recordings.cloud.month;;
mytv.recordings.cloud.never;;
mytv.recordings.cloud.nextMonth;;
mytv.recordings.cloud.nextWeek;;
mytv.recordings.cloud.week;;
mytv.recordings.cloud.year;;
mytv.recordings.failed.lastMonth;;
mytv.recordings.failed.lastWeek;;
mytv.recordings.failed.month;;
mytv.recordings.failed.week;;
mytv.recordings.local.hd;;
mytv.recordings.local.lastMonth;;
mytv.recordings.local.lastWeek;;
mytv.recordings.local.month;;
mytv.recordings.local.older;;
mytv.recordings.local.other;;
mytv.recordings.local.sd;;
mytv.recordings.local.uhd;;
mytv.recordings.local.week;;
mytv.recordings.month;;
mytv.recordings.nextWeek;;
mytv.recordings.older;;
mytv.recordings.scheduledRecordings.clashes;;
mytv.recordings.scheduledRecordings.series;;
mytv.recordings.scheduledRecordings.single;;
mytv.recordings.soon;;
mytv.recordings.unwatched.lastMonth;;
mytv.recordings.unwatched.lastWeek;;
mytv.recordings.unwatched.month;;
mytv.recordings.unwatched.week;;
mytv.recordings.week;;
mytvRecommendations1;;
mytvRecommendations2;;
nagra.information.authNToken;;
nagra.information.cakVersion;;
nagra.information.chipset.revision;;
nagra.information.chipset.type;;
nagra.information.dasSDKVersion;;
nagra.information.irdsn;;
nagra.information.lastAuthNTokenDate;;
nagra.information.lastConnectionsToOTT;;
nagra.information.lastEntitlement;;
nagra.information.lastLicenceUpdate;;
nagra.information.lastProvision;;
nagra.information.nc.OpVaultTimestamp;;
nagra.information.nc.deviceUniqueId;;
nagra.information.nc.initStatus;;
nagra.information.nc.integrationContextCertificateName;;
nagra.information.nc.integrationContextCertificateOperatorId;;
nagra.information.nc.integrationContextCertificatePlatform;;
nagra.information.nc.integrationContextCertificateSecurityLevel;;
nagra.information.nc.integrationContextCertificateType;;
nagra.information.nc.nuid;;
nagra.information.nc.prmaVersion;;
nagra.information.nc.prmcVersion;;
nagra.information.nuid;;
nagra.information.projectInfo;;
nagra.popups.connectionLost;;
nagra.popups.defaultError;;
nagra.popups.suspended;;
nagra.popups.uninitialized;;
nagra.popups.unsubscribed;;
network.wifi.band.unit;;
network.wifi.quality.good;;
network.wifi.quality.incompatible;;
network.wifi.quality.sufficient;;
networkAccessValidation.defaultErrorMessage;;
notification.HDCPError.description;;
notification.HDCPError.title;;
notification.adultProgram.hidden.description;;
notification.adultProgram.hidden.title;;
notification.alexa.alert.description;;
notification.alexa.alert.title;;
notification.alexa.alexaNumberOfNotification.title;;
notification.alexa.apps.notAvailable;;
notification.alexa.apps.wrongContext;;
notification.alexa.listenToNotification.description;;
notification.alexa.pressingVoiceButton.description;;
notification.alexaAction.disabledInsideApps;;
notification.app.cts.token.error;;
notification.app.gdpr.disagree;;
notification.app.notSubscribed;;
notification.automaticRecordings.channelDisabled;;
notification.backend.error;;
notification.bleRemotePairing.failed;;
notification.bleRemotePairing.info;;
notification.bleRemotePairing.success;;
notification.bluetooth.connected;;
notification.bluetooth.disconnected;;
notification.bluetooth.fail;;
notification.bluetooth.multiple.remove.subtitle;;
notification.bluetooth.noDevice;;
notification.bluetooth.rcu.connected;;
notification.bluetooth.remove;;
notification.bluetooth.remove.subtitle;;
notification.bluetooth.success;;
notification.bluetooth.unsupportedRcu.description;;
notification.bluetooth.unsupportedRcu.title;;
notification.buy.notPossible;;
notification.channel.liveApp;;
notification.channel.liveApp.redButton;;
notification.drmUnavailable.description;;
notification.drmUnavailable.title;;
notification.episode.past;;
notification.episode.scheduled;;
notification.episode.scheduledNew;;
notification.episode.start;;
notification.folder.confirm;;
notification.frequentlyAskedQuestions.fetch.error;;
notification.mcast.insufficient.bandwidth;;
notification.network.fallback;;
notification.network.fallback.Id;;
notification.network.noMuMimoEnabled;;
notification.network.notEnoughBandwidth;;
notification.offline.error;;
notification.player.blackout.message1;;
notification.player.blackout.message2;;
notification.player.concurrent;;
notification.player.noRights;;
notification.ppv.success;;
notification.privacy.fail.description;;
notification.privacy.fail.title;;
notification.programInfo.failure;;
notification.programInfo.purchase.disclaimer;;
notification.programInfo.recording.noChannel;;
notification.programInfo.rental.days.disclaimer;;
notification.programInfo.rental.hour.disclaimer;;
notification.programInfo.rental.hours.disclaimer;;
notification.programInfo.rental.month.disclaimer;;
notification.programInfo.rental.months.disclaimer;;
notification.programInfo.subscribe.disclaimer;;
notification.recommendations.disabled;;
notification.recommendations.enabled;;
notification.recommendationsOptIn;;
notification.recommendationsOptOut;;
notification.recording.cancel.failed;;
notification.recording.clash.multiple;;
notification.recording.clash.multiple.description;;
notification.recording.clash.resolve;;
notification.recording.clash.resolve.description;;
notification.recording.clash.single;;
notification.recording.clash.single.description;;
notification.recording.delete.failed;;
notification.recording.description.deleteRecordings;;
notification.recording.fullCloudProtection;;
notification.recording.fullLocalProtection;;
notification.recording.fullProtectionTitle;;
notification.recording.localNotPossible;;
notification.recording.past;;
notification.recording.scheduledNew;;
notification.recording.title.delete;;
notification.recordings.update;;
notification.remoteBooking.hddConnected.title;;
notification.remoteDiagnostics.speedTest.ongoing;;
notification.remotePairing.timeout;;
notification.rent.notPossible;;
notification.rollingBuffer.description;;
notification.rollingBuffer.title;;
notification.search.characterLimit.description;;
notification.search.characterLimit.title;;
notification.search.fail.description;;
notification.search.fail.title;;
notification.seriesInfo.fetchDataFailed;;
notification.seriesInfo.missingMetadata;;
notification.seriesRecording.alreadyScheduled;;
notification.seriesRecording.past;;
notification.seriesRecording.pastNew;;
notification.soundbox.audio.off;;
notification.soundbox.audio.stb;;
notification.soundbox.audio.tv;;
notification.soundbox.connected;;
notification.soundbox.description;;
notification.soundbox.disconnected;;
notification.subscribe.notPossible;;
notification.subscription.success;;
notification.timeout.error;;
notification.trickMode.notAllowed;;
notification.vodafoneNetworkLost.description;;
notification.vodafoneNetworkLost.title;;
notification.voiceAction.appNonExistent;;
notification.voiceAction.appNotAvailable;;
notification.voiceAction.areaNonExistent;;
notification.voiceAction.genericError;;
notification.voiceAction.keyPressedTooShort;;
notification.voiceAction.kids.profileNotSelected;;
notification.voiceAction.kids.screenNotAllowed;;
notification.voiceAction.misunderstanding;;
notification.voiceAction.noChannel;;
notification.voiceAction.noChannelError;;
notification.voiceAction.noChannelNumber;;
notification.voiceAction.noResults;;
notification.voiceAction.notAllowedContent;;
notification.voiceAction.notAllowedInApp;;
notification.voiceAction.notPossible;;
notification.voiceAction.notSupportedInKids;;
notification.voiceAction.voiceASRFailure;;
notification.voiceAction.voiceToSearch;;
notifications.privacy.fail.title;;
optIn;;
pin.consecutiveDigitsError.popup.text;;
pin.consecutiveDigitsError.popup.title;;
pin.lockedPin.notification.description;;
pin.lockedPin.notification.title;;
pin.lockedPin.popup.text;;
pin.lockedPin.popup.title;;
pinEntry.adultPin;;
pinEntry.purchasePinCode;;
player.endOfBuffer.description;;
player.endOfBuffer.title;;
player.feedback.remaining;;
player.notification.cantRecoverMedia.description;;
player.notification.cantRecoverMedia.title;;
popup.gdpr.app.disagree;;
popups.buttons.continueWithoutRebooting;;
popups.buttons.rebootStb;;
popups.cecStandBy.message;;
popups.deepLinkError.button;;
popups.deepLinkError.message;;
popups.deepLinkError.title;;
popups.emptyChannelList.description;;
popups.emptyChannelList.title;;
popups.error.folderWithIncorrectApp;;
popups.howToSubscribe;;
popups.networkValidation.buttons.retry;;
popups.networkValidation.misc;;
popups.networkValidation.title;;
popups.noInternetConnection.button;;
popups.noInternetConnection.message;;
popups.noInternetConnection.title;;
popups.notEnoughBandwidth.buttons.retry;;
popups.notEnoughBandwidth.message;;
popups.notEnoughBandwidth.title;;
popups.powerSaving.buttons.closeThirdAppsAndAdjust;;
popups.speedTest.misc;;
popups.subscriptionFiltering.buttons.cancel;;
popups.subscriptionFiltering.buttons.showApp;;
popups.subscriptionFiltering.message;;
popups.subscriptionFiltering.title;;
popups.update.failed;;
popups.update.success;;
programInfo.actionButtons.confirm;;
programInfo.actionButtons.from;;
programInfo.actionButtons.listen;;
programInfo.actionButtons.noFolderSubscribe;;
programInfo.actionButtons.own;;
programInfo.actionButtons.ownAsPPVLabel;;
programInfo.actionButtons.ownLabel;;
programInfo.actionButtons.rentAsPPVLabel;;
programInfo.actionButtons.restartLiveOn;;
programInfo.actionButtons.resume;;
programInfo.actionButtons.subscribeLabel;;
programInfo.actionButtons.subscribePrice;;
programInfo.actionButtons.subscribeSelfcare;;
programInfo.actionButtons.subscribedLabel;;
programInfo.actionButtons.trailers;;
programInfo.actionButtons.watchBundle;;
programInfo.actionButtons.watchBundleIn;;
programInfo.actionButtons.watchCatchupOn;;
programInfo.actionButtons.watchLiveOn;;
programInfo.actionButtons.watchOn;;
programInfo.actionButtons.watchSubscriptionOn;;
programInfo.actors.label;;
programInfo.badging.availableToRent;;
programInfo.badging.availableToRentAndExpiration;;
programInfo.bundle.partOf;;
programInfo.catchupExpiresOn;;
programInfo.director.label;;
programInfo.newPI.catchupAiredOn;;
programInfo.newPI.catchupExpiresOn;;
programInfo.newPI.recordedOn;;
programInfo.newPi.recordingServiceName;;
programInfo.partialRecordingExpiresOn;;
programInfo.purchase.disclaimer;;
programInfo.recordingExpiresOn;;
programInfo.series.special;;
rails.availableToOwn;;
rails.defaultGenreLabel;;
rails.relatedfrom;;
rails.relatedto;;
rails.rollingBuffer.title.dayOfTheMonthDateFormat;;
rails.rollingBuffer.title.today;;
rails.rollingBuffer.title.today-1;;
rails.rollingBuffer.title.today-2;;
rails.rollingBuffer.title.today-3;;
rails.rollingBuffer.title.today-4;;
rails.rollingBuffer.title.today-5;;
rails.rollingBuffer.title.today-6;;
rails.rollingBuffer.title.today-7;;
rails.subscription;;
rails.title.morefrom;;
recordingCancel.cancelSeries;;
recordingCancel.subtitle;;
recordingCancel.title;;
recordings.update.please.wait;;
relatedbyactor;;
relatedbydirector;;
relatedbygenre;;
relatedto;;
sdk7.browse.myHome.aboutMyHome;;
sdk7.browse.myHome.breadcrumbTitle;;
sdk7.browse.myHome.button.browseOnDemand;;
sdk7.browse.myHome.button.openTvGuide;;
sdk7.browse.myHome.contentInfo;;
sdk7.countrySelection.text;;
sdk7.countrySelection.title;;
sdk7.epg.focusedTile.remaining;;
sdk7.lockedPin.modal.subtitle;;
sdk7.lockedPin.modal.title;;
sdk7.menu.tab.onTv;;
sdk7.miniProgramInfo.remaining;;
sdk7.miniProgramInfo.showMore;;
sdk7.moreBucket.all;;
sdk7.pinEntry.helpLabel;;
sdk7.pinEntry.success;;
sdk7.pinEntry.success.subtitle;;
sdk7.pinEntry.unSuccessful;;
sdk7.pinEntry.unSuccessful.subtitle;;
sdk7.pinEntry.verifying;;
sdk7.programInfo.actionButtons.wishlist.add;;
sdk7.programInfo.actionButtons.wishlist.remove;;
sdk7.programInfo.showInfo;;
sdk7.search.noResults;;
sdk7.search.searchResults;;
sdk7.serieInfo.episodePrefix;;
sdk7.serieInfo.episodeShortPrefix;;
sdk7.serieInfo.seasonShortPrefix;;
sdk7.settings;;
sdk7.settings.changePin.confirm;;
sdk7.settings.changePin.confirmNewPin;;
sdk7.settings.changePin.enterNewPin;;
sdk7.settings.changePin.hideNewPin;;
sdk7.settings.changePin.masterPin;;
sdk7.settings.changePin.pinChanged.failed;;
sdk7.settings.changePin.pinChanged.successfully;;
sdk7.settings.changePin.pinChanged.tryAgain;;
sdk7.settings.changePin.secondaryString;;
sdk7.settings.changePin.showNewPin;;
sdk7.settings.changePin.title;;
sdk7.settings.hiddenChannels;;
sdk7.settings.parentalControls.adultContent;;
sdk7.settings.parentalControls.ageRating.pinModal.event;;
sdk7.settings.parentalControls.ageRating.screen.description;;
sdk7.settings.parentalControls.ageRating.screen.secondary.description;;
sdk7.settings.parentalPurchases.locked;;
sdk7.settings.parentalPurchases.locked.desc;;
sdk7.settings.parentalPurchases.purchasePinState;;
sdk7.settings.parentalPurchases.unlocked;;
sdk7.settings.parentalPurchases.unlocked.desc;;
sdk7.settings.pinProtection.desc;;
sdk7.settings.pinProtection.isActivated;;
sdk7.settings.pinProtection.isDeactivated;;
sdk7.settings.pinProtection.pinConfirmationModal.message.activatePin;;
sdk7.settings.pinProtection.pinConfirmationModal.message.deactivatePin;;
sdk7.settings.pinProtection.pinConfirmationModal.title.activatePin;;
sdk7.settings.pinProtection.pinConfirmationModal.title.deactivatePin;;
sdk7.settings.pinProtection.pinProtection;;
sdk7.settings.premiumChannels.hidden;;
sdk7.settings.premiumChannels.intro;;
sdk7.settings.premiumChannels.visible;;
sdk7.settings.privacy.and.terms;;
sdk7.settings.privacy.consent.disagree.text;;
sdk7.settings.privacy.consent.disagree.title;;
sdk7.settings.vodafoneTV;;
sdk7.smartTV.firstInstall.login.error.title;;
sdk7.watch.timestamp.live;;
search.recentSearches;;
search.recommendations;;
searchRecommendations1;;
searchRecommendations2;;
searchRecommendations3;;
serieInfo.episodeShort;;
serieInfo.seasonPrefix;;
serieInfo.seasonShort;;
settings.accessibility.audioLanguage.description;;
settings.accessibility.audioLanguage.description.selected;;
settings.accessibility.help;;
settings.accessibility.help.description;;
settings.alexa;;
settings.alexa.deviceName;;
settings.alexa.status.finished;;
settings.ast.astDisableVisualScrubber;;
settings.ast.astOverrideShakaSettings;;
settings.ast.astSettings;;
settings.ast.astShowBackgroundProcess;;
settings.ast.overrideShakaSettings.items.bufferingGoal;;
settings.ast.overrideShakaSettings.items.defaultBandwidthEstimate;;
settings.ast.overrideShakaSettings.items.defaultPresentationDelay;;
settings.ast.overrideShakaSettings.items.rebufferingGoal;;
settings.ast.overrideShakaSettings.resetButton;;
settings.ast.overrideShakaSettings.title;;
settings.audioAndVisual.audioOutput.auto;;
settings.audioAndVisual.audioOutput.resetVolume;;
settings.audioAndVisual.audioOutput.resetVolumeInfo;;
settings.audioAndVisual.audioSettings;;
settings.audioAndVisual.audioSettings.hdmi;;
settings.audioAndVisual.audioSettings.localSpeaker;;
settings.audioAndVisual.soundMode;;
settings.audioAndVisual.soundMode.automatic;;
settings.audioAndVisual.soundMode.game;;
settings.audioAndVisual.soundMode.movie;;
settings.audioAndVisual.soundMode.music;;
settings.audioAndVisual.soundMode.music.fidelity;;
settings.audioAndVisual.soundMode.music.loud;;
settings.audioAndVisual.soundMode.music.surround;;
settings.audioAndVisual.soundMode.night;;
settings.audioAndVisual.soundMode.off;;
settings.audioAndVisual.soundMode.sport;;
settings.audioAndVisual.soundMode.voice;;
settings.audioAndVisual.widescreen;;
settings.audioAndVisual.widescreen.fullmode;;
settings.audioAndVisual.widescreen.original;;
settings.audioAndVisual.widescreen.zoom;;
settings.audioProfile.description;;
settings.autoDelete;;
settings.automaticRecordings.description;;
settings.automaticRecordings.title;;
settings.bluetooth;;
settings.bluetooth.addDevice;;
settings.bluetooth.autoConnect;;
settings.bluetooth.connect;;
settings.bluetooth.connected;;
settings.bluetooth.connected.description;;
settings.bluetooth.connecting;;
settings.bluetooth.description;;
settings.bluetooth.devices;;
settings.bluetooth.disconnecting;;
settings.bluetooth.otherDevices;;
settings.bluetooth.pairing;;
settings.bluetooth.pairingPopup.description;;
settings.bluetooth.pairingPopup.title;;
settings.bluetooth.pairingScreen.description;;
settings.bluetooth.refreshButton.text;;
settings.bluetooth.removeDevice;;
settings.bluetooth.removeScreen.description;;
settings.bluetooth.screen.description;;
settings.bluetooth.screen.title;;
settings.bluetooth.searching;;
settings.boxSpace;;
settings.cec.buttons.paired;;
settings.cec.buttons.unpaired;;
settings.cec.paired.description;;
settings.cec.paired.subtitle;;
settings.cec.title;;
settings.cec.unpaired.description;;
settings.cec.unpaired.subtitle;;
settings.channelReordering.apply;;
settings.channelReordering.confirm;;
settings.channelReordering.multiSelection;;
settings.channelReordering.notification.channelAllSubHidden.description;;
settings.channelReordering.notification.channelAllSubHidden.title;;
settings.channelReordering.notification.channelHidden.description;;
settings.channelReordering.notification.channelHidden.title;;
settings.channelReordering.notification.channelHidden.titleForAll;;
settings.channelReordering.notification.channelUnsubHidden.description;;
settings.channelReordering.notification.channelUnsubHidden.title;;
settings.channelReordering.notification.notSortable.description;;
settings.channelReordering.notification.notSortable.title;;
settings.channelReordering.reset;;
settings.channelReordering.reset.popup.description;;
settings.channelReordering.reset.popup.title;;
settings.channelSorting.allChannels.selected;;
settings.channelSorting.allChannels.unselected;;
settings.channelSorting.description;;
settings.channelSorting.description.batchSelection;;
settings.channelSorting.description.editMode;;
settings.channelSorting.description.multiSelectionMode;;
settings.channelSorting.subtitle.customisation;;
settings.channelSorting.title;;
settings.channelVisibility.allChannels.visible;;
settings.channelVisibility.confirm;;
settings.channelVisibility.description;;
settings.channelVisibility.hideAllChannels;;
settings.channelVisibility.hideUnsubscribedChannels;;
settings.channelVisibility.showUnsubscribedChannels;;
settings.channelVisibility.subtitle;;
settings.channelVisibility.subtitle.customisation;;
settings.channelVisibility.title;;
settings.cloudRecordings;;
settings.cloudsRecordings;;
settings.connectedDevices;;
settings.connectedDevices.mobilePairing;;
settings.connectedDevices.remote;;
settings.connectedDevices.tvInput;;
settings.connectedDevices.voiceAssistants;;
settings.contentSettings;;
settings.developerMode;;
settings.fallbackDeepLink;;
settings.frequentlyAskedQuestions;;
settings.frequentlyAskedQuestions.faqBrowser;;
settings.informations.abrProfile;;
settings.informations.button.pvr;;
settings.informations.buttons.nagra;;
settings.informations.buttons.nagraStv;;
settings.informations.buttons.pvr;;
settings.informations.casingSerialNumber;;
settings.informations.casingSerialNumber.unavailable;;
settings.informations.channelNameDVBC;;
settings.informations.channelNameDVBIP;;
settings.informations.channelNameFTTH;;
settings.informations.diskConnectState;;
settings.informations.diskConnectState.connected;;
settings.informations.diskConnectState.disconnected;;
settings.informations.diskStatus;;
settings.informations.diskStatus.notReady;;
settings.informations.diskStatus.ready;;
settings.informations.freq;;
settings.informations.hdcpVersion;;
settings.informations.imei;;
settings.informations.kdsn;;
settings.informations.lcn;;
settings.informations.netflixEsn;;
settings.informations.nid;;
settings.informations.onid;;
settings.informations.otaUpdateProgress;;
settings.informations.ott;;
settings.informations.packetLoss;;
settings.informations.sdkVersion;;
settings.informations.sid;;
settings.informations.signalQuality;;
settings.informations.smartTvVersion;;
settings.informations.snr;;
settings.informations.tsid;;
settings.informations.updateStatus.failed;;
settings.informations.updateStatus.success;;
settings.informations.uri;;
settings.informations.wireless.quality;;
settings.language.audioLanguage;;
settings.language.systemLanguage;;
settings.language.systemLanguage.info;;
settings.languageAndAccessibility;;
settings.languageAndAccessibility.audioLanguage;;
settings.languageAndAccessibility.subtitlesPreference;;
settings.localRecordings;;
settings.localRecordings.error;;
settings.localRecordings.reformatDisk.notification.helpMessage;;
settings.localRecordings.reformatDisk.notification.offlineSubtitle;;
settings.localRecordings.reformatDisk.notification.offlineTitle;;
settings.localRecordings.reformatDisk.notification.title;;
settings.logger;;
settings.logger.loggerIp;;
settings.logger.loggerModule;;
settings.logger.loggerType;;
settings.loggerIp.description;;
settings.loggerIp.subtitle;;
settings.loggerIp.title;;
settings.loggerModule.description;;
settings.loggerModule.subtitle;;
settings.loggerModule.title;;
settings.loggerType.description;;
settings.loggerType.subtitle;;
settings.loggerType.title;;
settings.network.channelScan.pleaseWait;;
settings.parentalControls.managePin;;
settings.parentalControls.options;;
settings.parentalControls.purchasePin;;
settings.powerSaving.autoStandbyTime.2h;;
settings.powerSaving.autoStandbyTime.4h;;
settings.powerSaving.autoStandbyTime.8h;;
settings.powerSaving.quickBoot.description;;
settings.powerSaving.remoteBooking.description;;
settings.powerSaving.smartStandby.active;;
settings.powerSaving.smartStandby.active.description;;
settings.powerSaving.smartStandby.energySaving;;
settings.powerSaving.smartStandby.energySaving.description;;
settings.powerSaving.smartStandby.smartStandby;;
settings.powerSaving.smartStandby.smartStandby.description;;
settings.privacy;;
settings.privacy.consent;;
settings.privacy.notice;;
settings.privacyDisclaimer;;
settings.privacyDisclaimer.privacy;;
settings.privacyDisclaimerPageTitle;;
settings.purchase.errorTurnOn;;
settings.purchase.turnOff;;
settings.purchase.turnOn;;
settings.purchase.turnedOff;;
settings.purchase.turnedOn;;
settings.purchasePin;;
settings.recommendations;;
settings.recommendations.off;;
settings.recommendations.on;;
settings.recording.padding.fifteen;;
settings.recording.padding.five;;
settings.recording.padding.ten;;
settings.recording.setPaddings.noPadding;;
settings.recordings.automaticRecordings;;
settings.recordings.boxSpaceLow;;
settings.recordings.buyMoreStorage;;
settings.recordings.buyStorage;;
settings.recordings.ejectDisk;;
settings.recordings.filterContent;;
settings.recordings.manage;;
settings.recordings.padding.none;;
settings.recordings.recommendationsOptOut;;
settings.recordings.reformatDisk;;
settings.recordings.remoteBooking;;
settings.recordings.setPadding;;
settings.recordings.setPadding.description;;
settings.recordings.setPadding.title;;
settings.recordings.subscribedChannels;;
settings.remote.buttons.back;;
settings.remote.buttons.green;;
settings.remote.buttons.info;;
settings.remote.buttons.paired;;
settings.remote.buttons.tv;;
settings.remote.buttons.unpaired;;
settings.remote.buttons.voice;;
settings.remote.connectionType.BLE;;
settings.remote.info.IRCodesTableDBVersion;;
settings.remote.info.batteryLevelGood;;
settings.remote.info.batteryLevelLow;;
settings.remote.info.batteryStatus.button;;
settings.remote.info.batteryStatus.subtitle;;
settings.remote.info.bleConnection.button;;
settings.remote.info.bluetooth;;
settings.remote.info.buttons.firmware.button;;
settings.remote.info.connectivityStatus.button;;
settings.remote.info.connectivityStatus.subtitle;;
settings.remote.info.done.button;;
settings.remote.info.firmware.button;;
settings.remote.info.firmware.subtitle;;
settings.remote.info.hardwareVersion;;
settings.remote.info.infrared;;
settings.remote.info.lastDownloadDateFirmware;;
settings.remote.info.macAddress;;
settings.remote.info.manufacturingDate;;
settings.remote.info.productNumber;;
settings.remote.info.radioFrequency;;
settings.remote.info.remoteSerialNumber;;
settings.remote.info.remoteVersion.button;;
settings.remote.info.remoteVersion.subtitle;;
settings.remote.info.serialNumber.button;;
settings.remote.info.serialNumber.subtitle;;
settings.remote.info.softwareVersion;;
settings.remote.info.title;;
settings.remote.info.version;;
settings.remote.paired.descriptionBle;;
settings.remote.paired.descriptionIrRf;;
settings.remote.paired.subtitle;;
settings.remote.remoteStatus;;
settings.remote.retry.descriptionBle;;
settings.remote.retry.descriptionIrRf;;
settings.remote.retry.subtitle;;
settings.remote.title;;
settings.remote.tvControls;;
settings.remote.unpaired.descriptionBle;;
settings.remote.unpaired.descriptionIrRf;;
settings.remote.unpaired.subtitle;;
settings.remoteBooking.button.standbyOptions;;
settings.remoteBooking.screen.text;;
settings.remoteBooking.screen.title;;
settings.remoteControl;;
settings.selfDiagnostics.button.internetConnection;;
settings.selfDiagnostics.button.localStorage;;
settings.selfDiagnostics.button.networkConnection;;
settings.selfDiagnostics.button.remote;;
settings.selfDiagnostics.button.softwareUpdates;;
settings.selfDiagnostics.button.tvChannels;;
settings.selfDiagnostics.issuesTable.message.sdi01.01;;
settings.selfDiagnostics.issuesTable.message.sdi01.02;;
settings.selfDiagnostics.issuesTable.message.sdi01.03;;
settings.selfDiagnostics.issuesTable.message.sdi02.01;;
settings.selfDiagnostics.issuesTable.message.sdi02.02;;
settings.selfDiagnostics.issuesTable.message.sdi03.01;;
settings.selfDiagnostics.issuesTable.message.sdi03.02;;
settings.selfDiagnostics.issuesTable.message.sdi03.03;;
settings.selfDiagnostics.issuesTable.message.sdi04.01;;
settings.selfDiagnostics.issuesTable.message.sdi04.02;;
settings.selfDiagnostics.issuesTable.message.sdi05.01;;
settings.selfDiagnostics.issuesTable.message.sdi06.01;;
settings.selfDiagnostics.issuesTable.title.sdi01.01;;
settings.selfDiagnostics.issuesTable.title.sdi01.02;;
settings.selfDiagnostics.issuesTable.title.sdi01.03;;
settings.selfDiagnostics.issuesTable.title.sdi02.01;;
settings.selfDiagnostics.issuesTable.title.sdi02.02;;
settings.selfDiagnostics.issuesTable.title.sdi03.01;;
settings.selfDiagnostics.issuesTable.title.sdi03.02;;
settings.selfDiagnostics.issuesTable.title.sdi03.03;;
settings.selfDiagnostics.issuesTable.title.sdi04.01;;
settings.selfDiagnostics.issuesTable.title.sdi04.02;;
settings.selfDiagnostics.issuesTable.title.sdi05.01;;
settings.selfDiagnostics.issuesTable.title.sdi06.01;;
settings.selfDiagnostics.noErrors;;
settings.serviceSettings;;
settings.showBackgroundProcess.hide;;
settings.showBackgroundProcess.show;;
settings.soundAndVideo;;
settings.subscriptionFiltering.allAppsHidden;;
settings.subscriptionFiltering.appsHidden;;
settings.subscriptionFiltering.description;;
settings.subscriptionFiltering.title;;
settings.systemConfigurations.bluetooth.deviceList.title;;
settings.systemConfigurations.bluetooth.devicePairedList.title;;
settings.systemConfigurations.developerMode;;
settings.systemConfigurations.epgStbCacheStatus;;
settings.systemConfigurations.epgUiCacheStatus;;
settings.systemConfigurations.lastActiveStandby;;
settings.systemConfigurations.lastBoots;;
settings.systemConfigurations.lastFullMaintenance;;
settings.systemConfigurations.lastLoginDate;;
settings.systemConfigurations.lastMaintenance;;
settings.systemConfigurations.lastMaintenanceReboot;;
settings.systemConfigurations.lastTechnicalDiagUpdate;;
settings.systemConfigurations.maintenanceTimeoutEvents;;
settings.systemConfigurations.mobilePairing;;
settings.systemConfigurations.mobilePairing.concurrentPairingDenied;;
settings.systemConfigurations.mobilePairing.description;;
settings.systemConfigurations.mobilePairing.deviceList.title;;
settings.systemConfigurations.mobilePairing.failed;;
settings.systemConfigurations.mobilePairing.failure;;
settings.systemConfigurations.mobilePairing.paired;;
settings.systemConfigurations.mobilePairing.pairingError;;
settings.systemConfigurations.mobilePairing.pairingFailed;;
settings.systemConfigurations.mobilePairing.pairingInProgress;;
settings.systemConfigurations.mobilePairing.pairingSuccessful;;
settings.systemConfigurations.mobilePairing.pinEntryHelpMessage;;
settings.systemConfigurations.mobilePairing.qrCodeMode.description;;
settings.systemConfigurations.mobilePairing.qrCodeMode.subtitle;;
settings.systemConfigurations.mobilePairing.readyToPair;;
settings.systemConfigurations.mobilePairing.showQrCode;;
settings.systemConfigurations.mobilePairing.subtitle;;
settings.systemConfigurations.mobilePairing.title;;
settings.systemConfigurations.networkAndPlayerLogs;;
settings.systemConfigurations.networkLogsTitle;;
settings.systemConfigurations.noMaintenanceDone;;
settings.systemConfigurations.noMaintenanceTimeout;;
settings.systemConfigurations.playerLogsTitle;;
settings.systemConfigurations.refreshCacheStatus;;
settings.systemConfigurations.selfDiagnostics;;
settings.systemConfigurations.soundBox;;
settings.systemConfigurations.soundBox.description;;
settings.systemConfigurations.soundBox.deviceList.title;;
settings.systemConfigurations.soundBox.disconnectDevice;;
settings.systemConfigurations.soundBox.hideAlexaCards;;
settings.systemConfigurations.soundBox.showAlexaCards;;
settings.systemConfigurations.soundBox.title;;
settings.systemConfigurations.soundbox.audioOutput;;
settings.systemConfigurations.soundbox.audioOutput.checkOptical;;
settings.systemConfigurations.soundbox.audioOutput.off;;
settings.systemConfigurations.soundbox.audioOutput.off.selected;;
settings.systemConfigurations.soundbox.audioOutput.spdifstb;;
settings.systemConfigurations.soundbox.audioOutput.spdifstb.selected;;
settings.systemConfigurations.soundbox.audioOutput.spdiftv;;
settings.systemConfigurations.soundbox.audioOutput.spdiftv.selected;;
settings.systemConfigurations.soundbox.audioOutput.turnedOff;;
settings.systemConfigurations.soundbox.audioOutput.turnedOn;;
settings.systemConfigurations.status.downloading;;
settings.systemConfigurations.status.failed;;
settings.systemConfigurations.status.finished;;
settings.systemConfigurations.status.ok;;
settings.systemConfigurations.status.ongoing;;
settings.systemConfigurations.subscriptionFiltering;;
settings.systemConfigurations.technicalDiagnostics;;
settings.systemConfigurations.technicalDiagnostics.auth;;
settings.systemConfigurations.technicalDiagnostics.authNrefresh;;
settings.systemConfigurations.technicalDiagnostics.checkUpdate;;
settings.systemConfigurations.technicalDiagnostics.epg;;
settings.systemConfigurations.technicalDiagnostics.licencesRefresh;;
settings.systemConfigurations.technicalDiagnostics.localMaintenance;;
settings.systemConfigurations.technicalDiagnostics.nagraCheckMaintenance;;
settings.systemConfigurations.technicalDiagnostics.nagraSSPCheckMaintenance;;
settings.systemConfigurations.technicalDiagnostics.newMaintenance;;
settings.systemConfigurations.technicalDiagnostics.no_save_home_mcast_stats;;
settings.systemConfigurations.technicalDiagnostics.noscan;;
settings.systemConfigurations.technicalDiagnostics.noupdate;;
settings.systemConfigurations.technicalDiagnostics.oldMaintenance;;
settings.systemConfigurations.technicalDiagnostics.restart;;
settings.systemConfigurations.technicalDiagnostics.save_home_mcast_stats;;
settings.systemConfigurations.technicalDiagnostics.scan;;
settings.systemConfigurations.technicalDiagnostics.scanStart;;
settings.systemConfigurations.technicalDiagnostics.sendTechnical;;
settings.systemConfigurations.technicalDiagnostics.subtitle;;
settings.systemConfigurations.technicalDiagnostics.update;;
settings.systemConfigurations.technicalOverlay;;
settings.technicalOverlay;;
settings.technicalOverlay.disable;;
settings.technicalOverlay.enable;;
settings.tvBoxSettings;;
settings.tvChannels.currentlyFound.cable;;
settings.tvChannels.currentlyFound.ftth;;
settings.tvChannels.currentlyHave.cable;;
settings.tvChannels.currentlyHave.ftth;;
settings.tvChannels.showDttChannels;;
settings.tvChannels.weFound.cable;;
settings.tvChannels.weFound.ftth;;
settings.tvInput.auto;;
settings.tvInput.auto.description;;
settings.tvInput.config.power;;
settings.tvInput.config.power.description;;
settings.tvInput.config.volume;;
settings.tvInput.config.volume.description;;
settings.tvInput.deviceList;;
settings.tvInput.deviceList.availableDeviceList.description;;
settings.tvInput.deviceList.availableDeviceList.title;;
settings.tvInput.deviceList.description;;
settings.tvInput.deviceList.unavailableDeviceList.description;;
settings.tvInput.deviceList.vodafoneDevice;;
settings.tvInput.manual;;
settings.tvInput.manual.cecSettings;;
settings.tvInput.manual.description;;
settings.tvInput.off;;
settings.tvInput.off.description;;
settings.tvInput.userOff;;
settings.uiVersionOverlay;;
settings.uiVersionOverlay.hide;;
settings.uiVersionOverlay.show;;
settings.visualScrubberStatus;;
settings.visualScrubberStatus.disable;;
settings.visualScrubberStatus.enable;;
settings.voice.channel_change.default.answer;;
settings.voice.channel_change.default.question;;
settings.voice.navigate.default.answer;;
settings.voice.navigate.default.question;;
settings.voice.search.default.answer;;
settings.voice.search.default.question;;
settings.voice.title;;
settings.voice.voiceTopics;;
settings.voiceAssistants;;
settings.warning.popup.recommendationsOptOut;;
shopInShop.disclaimer.title;;
smartTV.firstInstall.buttons.clear;;
smartTV.firstInstall.buttons.signin;;
smartTV.firstInstall.buttons.whatsnew;;
smartTV.firstInstall.incompatibleDeviceErrorScreen.title;;
smartTV.firstInstall.login.error.description;;
smartTV.firstInstall.login.error.title;;
smartTV.firstInstall.login.error.tooManyDevices.description;;
smartTV.firstInstall.login.error.tvAlreadyPaired.description;;
smartTV.firstInstall.login.fail.description;;
smartTV.firstInstall.login.fail.title;;
smartTV.firstInstall.login.nativeInput.placeholder;;
smartTV.firstInstall.login.nativePassword.title;;
smartTV.firstInstall.login.nativeUsername.title;;
smartTV.firstInstall.login.password.description;;
smartTV.firstInstall.login.password.title;;
smartTV.firstInstall.login.success.description;;
smartTV.firstInstall.login.success.title;;
smartTV.firstInstall.login.udid;;
smartTV.firstInstall.login.username.description;;
smartTV.firstInstall.login.username.placeholder;;
smartTV.firstInstall.login.username.title;;
smartTV.firstInstall.login.welcome.description;;
smartTV.firstInstall.login.welcome.title;;
smartTV.mainMenu.watchTV;;
smartTV.popups.exit.message;;
smartTV.popups.exit.title;;
smartTV.settings.account.logout;;
smartTV.settings.account.logout.popup;;
smarttv.offlineMode.buttonText;;
smarttv.offlineMode.descriptionText;;
smarttv.offlineMode.loadingText;;
smarttv.offlineMode.title;;
somethingDifferent;;
somethingSimilar;;
sr.notification.error.authenticationError;;
sr.notification.error.device.existsInOther.households;;
sr.notification.error.exceeded.limit;;
sr.notification.error.kaltura.service.expired;;
sr.notification.error.kaltura.service.invalid;;
sr.notification.error.kaltura.service.revocation;;
sr.notification.error.notAllowed.type.device;;
sr.notification.error.secretCode.problem;;
technicalOverlay.widget.label.audioBuffer;;
technicalOverlay.widget.label.audioPid;;
technicalOverlay.widget.label.bandwidthManagement;;
technicalOverlay.widget.label.ber;;
technicalOverlay.widget.label.blackout;;
technicalOverlay.widget.label.bufferingTime;;
technicalOverlay.widget.label.currentTime;;
technicalOverlay.widget.label.droppedFrames;;
technicalOverlay.widget.label.errorManagement;;
technicalOverlay.widget.label.estimatedBandwidth;;
technicalOverlay.widget.label.frequency;;
technicalOverlay.widget.label.licenseTime;;
technicalOverlay.widget.label.liveLatency;;
technicalOverlay.widget.label.loadLatency;;
technicalOverlay.widget.label.multiaudio;;
technicalOverlay.widget.label.multicastGroup;;
technicalOverlay.widget.label.packetLoss;;
technicalOverlay.widget.label.progressBar;;
technicalOverlay.widget.label.sid;;
technicalOverlay.widget.label.snr;;
technicalOverlay.widget.label.streamBandwidth;;
technicalOverlay.widget.label.streamType;;
technicalOverlay.widget.label.textBuffer;;
technicalOverlay.widget.label.videoBuffer;;
technicalOverlay.widget.label.videoPid;;
technicalOverlay.widget.title;;
upnext.footer.back;;
upnext.footer.moreEpisodes;;
upnext.header.nextEpisode;;
upnext.header.startingCounter;;
upnextRecommendations1;;
upnextRecommendations2;;
voice.app.changeChannel.text;;
voice.app.searchNotAllowed.text;;
voice.interface.searchScreenAccessMessage;;
voice.interface.startMessage;;
voiceChrome.interface.listening;;
voiceChrome.interface.speaking;;
voiceChrome.interface.thinking;;
volume.hintHotkeyProfiles;;
watchNext.purchase;;
watchNext.recording;;
watchNext.rental;;
wifi.bandwidthStatePopup.description;;
wifi.bandwidthStatePopup.title;;
wifi.buttons.tryAgain;;
